Performance Instagram,,,,
PLAYERS,Performance,,,
Kaneko Imóveis,30,,,
Imobiliaria Cidade dos Lagos,6724,,,
DalPosso Imóveis,17,,,
Immob Imóveis,21,,,
,,,,
Performance GMN,,,,
PLAYERS,Performance,,,
Kaneko Imóveis,198,,,
Imobiliaria Cidade dos Lagos,18,,,
DalPosso Imóveis,145,,,
Immob Imóveis,36,,,
,,,,
PERFORMANCE SITE,,,,
PLAYERS,Performance Geral,,,
Kaneko Imóveis,61,,,
Imobiliaria Cidade dos Lagos,73,,,
DalPosso Imóveis,94,,,
Immob Imóveis,61,,,
,,,,
Performance Youtube,,,,
PLAYERS,Performance,,,
Kaneko Imóveis,372,,,
Imobiliaria Cidade dos Lagos,0,,,
DalPosso Imóveis,44,,,
Immob Imóveis,93,,,
,,,,
Performance Linkedin,,,,
PLAYERS,seguidores,,,
Kaneko Imóveis,173,,,
Imobiliaria Cidade dos Lagos,0,,,
DalPosso Imóveis,17,,,
Immob Imóveis,0,,,
,,,,
,,,,
PERFORMANCE FACEBOOK,,,,
PLAYERS,seguidores,,,
Kaneko Imóveis,9.042,,,
Imobiliaria Cidade dos Lagos,295,,,
DalPosso Imóveis,8.947,,,
Immob Imóveis,294,,,
,,,,
Ranking geral de performance,,,,
Midias,KANEKO,CIDADE DOS LAGOS,DAL POSSO,IMMOB
TOTAL,289,6.814,257,118